Title;Artist;YearA Monster Like Me;Kjetil Mørland & Debrah Scarlett;2016;
Amnesia;5 Seconds of Summer;2014;
Ayo Technology;Milow;2008;
A Little Bit Longer;Jonas Brothers;2008;
A Million Dreams;The Greatest Showman;2017;
Anne;Clouseau;1989;
Alle Kleuren;K3;2000;
A Nagy Ho Ho Horgász;100 Folk Celsius;2011;
A Beautiful Lie;30 Seconds to Mars;2005;
Attack;30 Seconds to Mars;2005;
Alibi;30 Seconds to Mars;2009;
A modern myth;30 Seconds to Mars;2005;
A Million Dreams;P!nk;2017;
ALARMA!;666;2012;
All I Want;A Day to Remember;2011;
All Signs Point to Lauderdale;A Day to Remember;2011;
Almost Lover;A Fine Frenzy;2007;
Alles Is Liefde;Bløf;2012;
A Stranger;A Perfect Circle;2003;
Atzin;Frauenarzt & Manny Marc;2011;
Aftermath;Adam Lambert;2010;
Amika;Amika;2008;
Angel;Akon;2010;
Africa;Toto;2010;
All These Things That I've Done;The Killers;2013;
Are You That Somebody;Aaliyah;2014;
At Your Best (You Are Love) (LP Mix - No Intro);Aaliyah;1994;
Another Town, Another Train;ABBA;2001;
As Good As New;ABBA;2001;
Andersomdag;Bart Peeters;2008;
Allemaal Door Jou;Bart Peeters;2006;
Addicted To You;Avicii;2013;
Alone;Alan Walker;2016;
All Of My Heart;ABC;1998;
Airship Pirate (Live);Abney Park;2015;
Alchemy;Above & Beyond;2016;
Adventure of a Lifetime;Coldplay;2015;
Army of One;Coldplay;2015;
A Sky Full of Stars;Coldplay;2014;
Animals;Maroon 5;2014;
Alejandro;Lady Gaga;2009;
All That She Wants;Ace of Base;2004;
All for You (Radio Version);Ace of Base;2011;
Africa;Julien doré & Dick Rivers;2018;
Amsterdam;Jackues Brel;2000;
Allez reste;Boulevard des airs & Vianney;2018;
About a Girl;Nirvana;1989;
Andiamo A Comandare;Fabio Rovazzi;2016;
A Contre-courant;Alizée;2003;
Au Summum;113;2003;
Adesso (Ti voglio bene);Emma Marrone;2015;
Amami;Emma Marrone;2013;
Amore no;Adriano Celentano;1979;
All the Way To Reno;R.E.M.;2001;
After The Love Has Gone;Earth, Wind & Fire;1979;
A ta manière;Amir;2016;
Au cœur de moi;Amir;2017;
Androgyne;Elsa Esnoult;2019;
America;Simon & Garfunkel;1967;
Amen;Francesco Gabbani;2015;
Ain´t Nobody (Break street 84 version);Rufus;1983;
Andy;Clara Morgane;2007;
All I Wanna Do;Dannii Minogue;1996;
All The Lovers;Kylie Minogue;2010;
Axel F;Crazy Frog;2005;
Aragon et Castille;Boby Lapointe;1961;
Also stoßen wir an;Kapelle Petra;2019;
Alles auf Rausch;Feine Sahne Fischfilet;2017;
All For You;Janet Jackson;2001;
Aubrey;Bread;1972;
Audio;LSD;2018;
All the good girls go to Hell;Billie Eilish;2019;
All You Wanted;Michelle Branch;2001;
Are You Happy Now;Michelle Branch;2003;
And We Run;Within Temptation & Xzibit;2014;
A question of time;Depeche Mode;1986;
Anywhere Is;Enya;1994;
Aute Cuture;ROSALÍA;2019;
Amore no;Toto Cutugno;1979;
Aline;Christophe;1965;
Auf das, was da noch kommt;Lotte & Max Giesinger;2019;
All Right;Christopher Cross;1983;
A pleins tubes;C. Jérome;1997;
Anna ni issho datta no ni;SEE-SAW;2016;
Arschgesicht;Knorkator;2011;
Ausgerechnet Bananen;Willi Rose;1923;
Arabella;Arctic Monkeys;2013;
Amies et ennemies;Nadiya;2006;
Am Strand;Farin Urlaub;2001;
Amber;Starmarket;1995;
Ashes to Ashes;Faith No More;1997;
Aqualung;Jethro Tull;1971;
Alchemy;Above & Beyond;2011;
Alchemy;Above & Beyond;2011;
American Girl;Tom Petty and the Heartbreakers;1983;
Always Remember Us This Way;Lady Gaga;2018;
At Your Best;Aaliyah;2011;
A 20 ans;Lorie;2003;
Alive and Kicking;Simple Minds;1985;
Are You Ready to Fly;Rozalla;1992;
Burning Heart;Survivor;1985;
Burnin' Up;Jonas Brothers;2008;
Before The Storm;Jonas Brothers & Miley Cyrus;2009;
Blackout;Milk Inc.;2011;
Barbie Dreams;Nicki Minaj;2018;
Beautiful Sinner;Nicki Minaj;2012;
Best Friend;Toy-Box;1999;
Be Like That;3 Doors Down;2000;
Beribu Sesalan;3 Suara;2011;
Bad Romance;30 Seconds to Mars;2009;
Beautiful disaster;311;1997;
Belong Here (Main Title Theme From Hellcats);78violet;2010;
Bella vera;883;2005;
Blue;A Perfect Circle;2003;
Better Than I Know Myself;Adam Lambert;2012;
Breaking Free;High School Musical;2006;
Butterfly, Butterfly;A-Ha;2016;
Broken Hymns;Dropkick Murphys;2011;
Be Still;The Killers;2013;
Bang A Boomerang;ABBA;2001;
Broken Arrows;Avicii;2015;
Barbie Girl;Aqua;1997;
Birds;Anouk;2013;
Bloed, Zweet En Tranen;André Hazes;2012;
Back In Black (Live - 1991);AC/DC;1992;
Big Girl (You Are Beautiful);MIKA;2007;
Beat It;Michael Jackson;2011;
Black Balloon;The Goo Goo Dolls;2007;
Beautiful Life;Ace of Base;2015;
Better When i'm Dancing;Meghan Trainor;2015;
Butterfly;Danyel Garard;1970;
Bartender;Lady Antebellum;2014;
Bloody Angel;Avatar;2014;
Better Man;Pearl Jam;1995;
Black;Pearl Jam;1991;
Balance ton quoi;Angèle;2018;
Baila Morena;Zucchero;2006;
Baby Baby;Corona;1995;
Bailando;Paradisio;1995;
Blonde;Alizée;2014;
Body;Loud Luxury & Brando;2017;
Bang and Blame;R.E.M.;1994;
Baby come back;Worlds Apart;1995;
Black Fingernails, Red Wine;Eskimo Joe;2006;
Bat out hell;Meat Loaf;1977;
Bad Case Of Loving You;Robert Palmer;1979;
Being Boring;Pet Shop Boys;1986;
Bad Boys;Inner Circle;1987;
Boys (Summertime love);Sabrina Salerno;1987;
Bonsoir John John;France Gall;1966;
Besoin d'amour;France Gall;1979;
Black or white;Michael Jackson;1991;
Belfast;Boney M;1977;
Baby, Baby;The Vibrators;1977;
Blah blah blah;Armin van Buuren;2018;
Bad;Michael Jackson;1986;
Bora bora bora;Scooter;2017;
Break it up;Scooter;2009;
Beautiful People;Ed Sheeran;2019;
Bo le lavabo;Lagaf;1989;
Babicka;Karel Gott;1979;
Besorgter Bürger;Saltatio Mortis;2019;
Blue Hotel;Chris Isaak;1986;
Beautiful People;Ed Sheeran & Khalid;2019;
Belle-Ile-En-Mer, Marie-Galante;Laurent Voulzy;1986;
Back in black;AC/DC;1980;
Blood gulch blues;Trocadero;2004;
Bad Guy;Billie Eilish;2019;
BAGDAD;ROSALÍA;2018;
Bed of Roses;Bon Jovi;1992;
Brain Power;Noma;2016;
bellyache;Billie Eilish;2017;
Bakushou Bocchi Juku Kouka;Hitoribocchi no Marumaru Seikatsu;2019;
Because The Night;CoRo;1992;
Bounce Back;Little Mix;2019;
Be Someone;CamelPhat & Jake Bugg;2019;
Bologna;Wanda;2014;
Bluebird;Wings & Paul Mc Cartney;1974;
Baby Can I Hold You;Boyzone;1998;
Bella e rovinata;Irama;2019;
Blasenschwäche;Monsters of Liedermaching;2008;
Bruce Lee;Rakede;2017;
Black Roses;Ian Brown;2018;
Bam Bam;Sister Nancy;1982;
BOOMBAYAH;BLACKPINK;2016;
Blood Sweat & Tears;BTS;2016;
Bro Hymn Tribute;Pennywise;1991;
Basique;OrelSan;2017;
Bills, Bills, Bills;Destiny's Child;1999;
Break The Rules;Charli XCX;2014;
Blah Blah Blah;Ke$ha;2010;
Blow;Ke$ha;2011;
Body And Blood;Ghost;2013;
Babylon Sisters;Steely Dan;1980;
Beethoveen;Michel Sardou;2006;
Bad Liar;Imagine Dragons;2018;
Back & Forth;Aaliyah & R.Kelly;2014;
Battle Hymn;Manowar;1982;
Bim Bam Toi;Carla Lazzari;2019;
Back At one;Brian McKnight;1998;
Close Encounters;Clouseau;1991;
Cruella De Vil;101 Dalmatiers;1991;
Californa Love;2Pac;1996;
Chodz, Pomaluj Mój Swiat;2 Plus 1;1972;
Capricorn (A Brand New Name);30 Seconds to Mars;2002;
Ci sono anch'io;883;2002;
Casablanca Sucked Anyways;A Day to Remember;2006;
C'est toi que je t'aime;Les Inconnus;1991;
Call Me;Blondie;1980;
Chasing The Sun;The Wanted;2012;
Cry Wolf;A-Ha;2010;
Crying in the Rain;A-Ha;2007;
Caught in the Middle;A1;2009;
Chiquitita;ABBA;2014;
Complicated;Avril Lavigne;2002;
Christmas Lights;Coldplay;2010;
Charlie Brown;Coldplay;2011;
Clocks;Coldplay;2002;
Count on Me;Bruno Mars;2010;
CAN'T STOP THE FEELING!;Justin Timberlake;2016;
Cry Me a River;Justin Timberlake;2013;
Cowboy;Ch!pz;2007;
CH!PZ In Black;Ch!pz;2007;
Carnival;Ch!pz;2005;
C'est la vie;Ace of Base;2015;
Cruel Summer;Ace of Base;2015;
C'est Chaud;Patrick Sébastien;2001;
C'est une pute;Fatal Bazooka;2007;
Ce soir, sans mon SEXE;Fatal Bazooka;2014;
Crucify;Tori Amos;1992;
Cossa ti aspetti da me;Loredana Berte;2019;
Caramel;Booba;2012;
Come Together;Michael Jackson;1995;
Can't Stop The Hardcore;Scooter;2014;
Ça va ça vient;Vitaa;2019;
Ça va ça vient;Vitaa & Slimane;2019;
Ca c'est Tuche Daddy;Tuche Daddy;2016;
Creo en ti;Reik;2011;
C'était bien (Au petit bal perdu);Bourvil;2014;
Chanson populaire (Ca s'en va et ca reviens);Claude Francois;1973;
Caribbean Blue;Enya;2001;
Carry Your Cross And I'll Carry Mine;TIAMAT;2003;
Celebration;Kool & the Gang;1980;
Can't Fight This Feeling;REO Speedwagon;1984;
Ciao Baby;Wanda;2019;
Calleth You, Cometh I;The Ark;2002;
Céline;Hugues Aufray;1966;
Caravan of Love;The Housemartins;1986;
Chim Chim Cher-ee;Robert B. Sherman & Richard M. Sherman;1964;
Con altura;ROSALÍA El Guincho & J Balvin;2019;
Crossing field;Watanabe Sho;2012;
Crystalised;The XX;2009;
Chameleon;Michela;2019;
Combo Final;Tronic;2003;
Calibraciones;Sinergia;2004;
Cecilia;Simon & Garfunkel;1970;
C'est une belle journée;Mylène Farmer;2002;
Cherchez le garçon;Quentin Mosimann;2008;
C'est extra;Leo Ferre;1969;
C'est moi;C. Jérome;1974;
Cordula Grün;Die Draufgänger;2018;
Cordula Grün;josh;2019;
Catch The Fox;Den Harrow;1987;
Cheveux au vent;Najoua Belyzel;2017;
Comme toi;Najoua Belyzel;2006;
Creme de la creme;Waylon;1979;
Closure;Scarlett Belle;2010;
Copacabana;Leon Machere;2018;
Come And Get Your Love;Redbone;1973;
Come no;Baby K;2018;
Come Clean;Hilary Duff;2003;
Catch my Fall;Billy Idol;1983;
Chikatto Chika Chikattsu;Konomi Kohara;2019;
Cirice;Ghost;2015;
C'est bleu [album version];Scooter & Vicky Leandros;2011;
Ca m venere;Palmashow;2014;
Clebrate;Zhi-Vago;1996;
Calicoba;Gold;1986;
Capitaine Abandonné;Gold;1985;
Can't Get Enough Of Your Love Baby;Barry White;1974;
Chain Reaction;Diana Ross;1985;
Can You Hear Me;KoRn;2019;
Cesta Do Sna;Mia Dimši?;2019;
Chiquitita;Cher;2018;
Chori Chori Hum Gori Se;The Guru;2001;
Chlorine;Twenty One Pilots;2018;
Chanteur de Jazz;Michel Sardou;1984;
Can You Feel The Love Tonight;Elton John;1994;
Could I have this kiss forever;Whitney Houston & Enrique Iglesias;2000;
Can't Help Falling In Love;A*Teens;2002;
Come Into My World;Kylie Minogue;2002;
Can’t Stop Loving You;Phil Collins;2002;
Comme des connards;Les Connards;2003;
Castle On The Hill;Ed Sheeran;2017;
Cozy Little Christmas;Katy Perry;2018;
Ciao amore ciao;Giusy Ferreri;2010;
Come un'ora fa;Giusy Ferreri;2016;
Closer to the Edge;30 Seconds to Mars;2009;
Control;Zoe Wees;2020;
Con Le Mani;Zucchero;1997;
Doin' Time;Lana Del Rey;2019;
Do It Again;Steely Dan;1972;
Don't Stop;5 Seconds of Summer;2013;
Dancing Queen;A*Teens;1999;
Domino;Clouseau;1990;
Daar Gaat Ze;Clouseau;1989;
Deutscher Meister 1. FCK;1. FC Kaiserslautern;0000;
Dreadlock Holiday;10CC;1978;
Don't Say Goodbye;2Be3;1998;
Dreams (Will Come Alive);2 Brothers On The 4th Floor;1994;
Deadly Sinners;3 Inches Of Blood;2004;
Down;311;1995;
Don´t Trust Me;3OH!3;2008;
Deja Vu;3OH!3;2010;
Double Vision;3OH!3;2010;
Diz-me que sim;4 Taste;2008;
Disco Inferno;50 Cent;2004;
Dear Mr. President;P!nk;2006;
Diablo;666;1998;
Does your mother know;ABBA;1979;
Dancing Queen;ABBA;1976;
Disco Pogo;Frauenarzt & Manny Marc;2010;
Das geht ab;Frauenarzt & Manny Marc;2014;
Don't Matter;Akon;2007;
De wereld is mooi;Samson & Gert;2001;
Die Young;Ke$ha;2012;
Don't Phunk With My Heart;Black Eyed Peas Tribute;2015;
Denk Je Soms Nog Aan Mij;Bart Peeters;2011;
Don't Let It Break Your Heart;Coldplay;2011;
Don't Panic;Coldplay;2000;
Dromen Zijn Bedrog;Marco Borsato;2006;
De Bestemming;Marco Borsato;2006;
Donnez-moi;Les Frangines;2019;
Demain c'est toi;Zaz;2018;
Djadja;Aya Nakamura;2018;
Dance Monkey;Tones And I;2019;
Donne;2Be3;1996;
Di rose e di spine;Al Bano;2017;
Dépendre de toi;Andrée Watters;2002;
Despacito;Luis Fonsi & Daddy Yankee;2017;
Du Plaisir;Don Juan;2003;
Du hast den schönsten Arsch der Welt;Alex C & Y-ass;2007;
Doktorspiele;Alex C & Y-ass;2008;
Dolly Song (levas Polka);Holly Dolly;2006;
Daddy Cool;Boney M;1976;
De heuveltjes van Erika;Bart Van Den Bossche;1999;
Day and night;Billie Piper;2000;
Don't Stand So Close to Me;Police;1981;
Diabolo menthe;Yves Simon;1977;
Do It All;Stanfour;2007;
Diamant;Rammstein;2019;
Doris K.;Die Prinzen;1999;
Die House;Cuphead & Alana Bridgewater;2017;
De ce plang chitarele;O-zone;2003;
Dangerous;Howard Jones;2014;
Dance Macabre;Ghost;2018;
D'autres que nous;Axelle Red & Ycare;2019;
Dein ist mein ganzes Herz;Heinz Rudolf Kunze & Pe Werner;1984;
Don't Start Now;Dua Lipa;2019;
Déjeuner en paix;Stephan Eicher;1991;
DI MI NOMBRE;ROSALÍA;2018;
Dick In A Box;The Lonely Island;2019;
Don't let the sun go down on me;Elton John;1993;
Die by the blade;Beast in black;2019;
Dame Tu Swing;La Noche;2010;
Demolution;WWE Theme;2017;
Daisy;Christophe;1976;
Done For Me;Charlie Puth & Kehlani;2018;
Disco samba;Two man sound;1977;
Dieu que c'est beau;Daniel Balavoine;1984;
Don´t break my heart;Den Harrow;1987;
Die nackte Elfe;Hasenscheisse;2007;
Doggy;Katja Krasavice;2017;
Dick sein ist fett;Keule;2013;
Dicker Bass / dünnes Kabel;Rakede;2017;
Dans la rue;Michel Polnareff;1985;
Duurt Te Lang;Davina Michelle;2018;
DDU-DU DDU-DU;BLACKPINK;2018;
Du Idiot;Matthias Reim;2002;
Do It Again;Röyksopp & Robyn;2014;
De zero a cento;Baby K;2018;
Deacon Blues;Steely Dan;1977;
Day After Day;Badfinger;1971;
Destination Ailleurs;Yannick Noah;2006;
Donne-Moi une vie;Yannick Noah;2006;
Dancing With A Stranger;Sam Smith & Normani;2019;
Dont't leave me alone;David Guetta ft. Anne-Marie;2019;
Don't leave me alone;David Guetta ft. Anne-Marie;2019;
Don't leave me alone;David Guetta ft. Anne-Marie;2019;
Du bonheur;Jean-Louis Aubert;2020;
Don't Give Me Those Eyes;James Blunt;2017;
Die Reise;Max Giesinger;2018;
Der, die, das (Theme);Sesamstraße;1973;
Dog Without A Bone;Girls Aloud;2013;
Double trouble;Will Ferrell & Rachel Mc Adams;2020;
Don´t Let The Sun Go Down On Me;George Michael & Elton John;1987;
Dirty Picture;Taio Cruz & Ke$ha;2009;
Dynamite;Taio Cruz;2010;
Do What You Like;Taio Cruz;2015;
Don't Stop The Party;Black Eyed Peas Tribute;2011;
Eye Of the Tiger;Survivor;1982;
Er Staat Een Paard In De Gang;Andre Van Duin;2014;
Everytime;A1;2009;
Eagle;ABBA;2012;
Een Beetje Verliefd;André Hazes;2014;
Eenzame Kerst;André Hazes;2013;
Everglow;Coldplay;2015;
Every Teardrop Is a Waterfall;Coldplay;2011;
Elle me dit;MIKA;2011;
Estranged;Guns N' Roses;1991;
Effetto domino;Emma Marrone;2018;
Everlasting love;Worlds Apart;1993;
Everlasting Love (Second version);Worlds Apart;1996;
Elle revait;2Be3;1996;
Everybody's Going To The Moon;Jamiroquai;2000;
Etats d'amour;Amir;2017;
Everyday;Buddy Holly;1957;
Eto vso ona;Sergey Lazarev;2016;
Excellent (Hey, Let's Go!);Poppin'Party;2019;
Egal;Michael Wendler;2017;
Even The Nights Are Better;Air Supply;1982;
En vän med en bil;Håkan Hellström;2000;
Everything I Wanted;Billie Eilish;2019;
Enfant de L'Homme;Phil Collins;1999;
Earth Warrior;Omnia;2014;
Et tu danses avec lui;C. Jérome;1985;
Eastside;Benny BlancoHalsey & Khalid;2018;
Eis auf Ex;Acht Eimer Hühnerherzen;2018;
Everything Apart;Foxwarren;2018;
Et c'est parti...;Nadiya;2004;
Empathy;Gamma Ray;2010;
Elle;Mélissa M;2007;
Et Si N'en Restait Qu'Une;Céline Dion;2007;
Everybody's free (to feel good);Rozalla;1991;
È un'altra cosa;Francesco Gabbani;2019;
Emmanuelle;François Valery;1997;
Ensorcelée;Lorie;2004;
Eternel Fame;Atomic Kitten;2001;
Empty Rooms;Gary Moore;1983;
Enigma;Amanda Lear;1978;
Edge Of Heaven;Wham!;1986;
Everything She Wants;Wham!;1984;
Everyday;High School Musical 2;2007;
Été 90;Thérapie TAXI;2021;
Everybody;Little Big;2019;
Fly With Me;Jonas Brothers;2009;
Fiesta;+ Plus;2012;
Faces;2 Unlimited;1993;
From Yesterday;30 Seconds to Mars;2005;
Funhouse (Main Version);P!nk;2008;
F**kin' Perfect;P!nk;2010;
Freak;78violet;2009;
Fast Forward to 2012;A Day to Remember;2011;
For Your Entertainment;Adam Lambert;2009;
Fresh Prince of Bel Air;Will Smith;2014;
Forever Not Yours;A-Ha;2005;
For Reasons Unknown;The Killers;2013;
Fernando;ABBA;2014;
For A Better Day;Avicii;2015;
Fix You;Coldplay;2019;
Fix You;Coldplay;2005;
For Those About to Rock;AC/DC;2013;
Fire Your Guns;AC/DC;1992;
Faccio Quello Che Voglio;Fabio RovazziAl BanoEmma Marrone & Nek;2018;
Fiori & Fantasia;Adriano Celentano;1988;
Freud;Nek & J-Ax;2017;
Fantasy;Earth, Wind & Fire;1977;
Fairytale;Alexander Rybak;2009;
Felicita;Al Bano & Romina Power;1980;
Fragile fermo immagine;Alexia;2017;
Friends Turbo;Scooter;2011;
Fotografie;Carl BraveFabri Fibra & Francesca Michielin;2018;
Fly Away From Here;Aerosmith;2001;
Für immer jung;Bushido & Karel Gott;2008;
Flag;Xavier Rudd;2015;
Flo;Pierre Bachelet & Florence Arthaud;1989;
Facon sex;Tribal King;2006;
Fick ihn doch;Alligatoah;2013;
Fickt-Euch-Allee;Grossstadtgeflüster;2015;
Future Brain;Den Harrow;1985;
First World Problems;Ian Brown;2018;
Fire and forgive;Powerwolf;2018;
Fuck you;Lily Allen;2009;
Farben;Kontra K;2019;
For Evigt;Johan Olsen & Volbeat;2016;
Falling Slowly;Glen Hansard & Marketa Irglova;2006;
Faith;Ghost;2018;
Fête de trop;Eddy de Pretto;2019;
Falling For You;Busted;2002;
Fernando;Cher;2018;
Favourite Song;Julian Peretta Younotus;2020;
Fun Tonight;Lady Gaga;2020;
Feierabend;Grossstadtgeflüster;2018;
Flares;The Script;2014;
Flashback;Calvin Harris;2009;
Feel So Close;Calvin Harris;2011;
Follow me;Amanda Lear;1978;
Falling over Me;Demi Lovato;2009;
Fire Starter;Demi Lovato;2013;
Fireflies;Owl City;2009;
Flashdance (What A Feeling);Irene Cara;1983;
Firefly;A*Teens;2001;
Floorfiller;A*Teens;2002;
Feels Like I'm In Love;Kelly Marie;1979;
Faut qu'la livre;Festival Robles;1997;
Foot Of The Mountain;A-Ha;2009;
Fascination;Alphabeat;2007;
Firework;Katy Perry;2010;
Fire;2NE1;2010;
Fabulous;High School Musical 2;2007;
Fearless;The Goo Goo Dolls;2019;
Faded;Alan Walker;2015;
Fall Down;Will I Am & Miley Cyrus;2013;
Fallen Angel;Tix;2021;
Fatti avanti amore;Nek;2015;
Four little diamonds;Electric Light Orchestra;1983;
Good Girls;5 Seconds of Summer;2014;
Goodnight and Goodbye;Jonas Brothers;2007;
Gimme Gimme Gimme;A*Teens;1999;
Grand Piano;Nicki Minaj;2014;
Giet de wijn uit het vat;Robin Hood;2012;
Go away;2NE1;2010;
Going Down in Flames;3 Doors Down;2002;
Gli anni;883;2000;
Gravity;A Perfect Circle;2003;
Gimme Gimme Gimme;ABBA;1986;
Ghost Town;Adam Lambert;2015;
Glad you came;The Wanted;2012;
Girlfriend;Avril Lavigne;2007;
Gonna Love Ya;Avicii;2015;
Girl;Anouk;2006;
Giet de wijn uit het vat;Musical Robin Hood;2014;
Gummi Bears Theme;Disney;2019;
Good Grief;Bastille;2016;
Grace Kelly;MIKA;2007;
Grenade;Bruno Mars;2010;
Give a Little Bit;The Goo Goo Dolls;2004;
Give you up;Dido;2019;
Geronimo's Cadillac 98;Modern Talking;1998;
Gourmandises;Alizée;2000;
Girls Like You;Maroon 5 & Cardi B;2017;
Glad He's Gone;Tove Lo;2019;
Gone Sovereign;Stone Sour;2012;
Get over it;Avril Lavigne;2005;
Gaby oh gaby;Alain Bashung;1980;
Gimme all Your Lovin;ZZ Top;1983;
Guantanamera;Joe Dassin;1966;
Girlfriend;Billie Piper;1998;
GIMME GIMME GIMME (A Man After Midnight);Cher;2018;
Get outta my way;Kylie Minogue;2010;
Golimar;Chiranjeevi;1984;
Good Thing;Zedd & Kehlani;2019;
God Bless The USA;Lee Greenwood;1984;
Golden eye;Tina Turner;1995;
Get Down on It;Kool & the Gang;1981;
Glósóli;Sigur Ros;2005;
Get Over It;Ok Go;2002;
Give Me The Night;George Benson;2019;
Gigante;Piero Pelu;2020;
Getting closer;Wings & Paul Mc Cartney;1979;
Gabriel;Najoua Belyzel;2006;
Glitterball;Sigma & Ella Henderson;2015;
Gloria;Sheila;1989;
Getting Away With It;Electronic;1989;
goodnight n go;Ariana Grande;2018;
Giant;Calvin Harris & Rag'n'Bone Man;2019;
Gold;Antoine Clarmaran;2010;
Green River;Creedence Clearwater Revival;1969;
Gingham Check;AKB48;2012;
Get´cha Head in the Game;High School Musical;2006;
Gives you hell;The all american rejects;2008;
Ghostbusters;Ray Parker Jr;1984;
Good Time;Owl City & Carly Rae Jepsen;2012;
Goodbye my lover;James Blunt;2004;
Gimme More;Britney Spears;2007;
Good morning Baltimore;Hairspray;2007;
Greatest Love Of All;Whitney Houston;1985;
Gloria;Laura Branigan;1982;
Galway Girl;Ed Sheeran;2017;
Give Me Love;Ed Sheeran;2011;
Gentleman;Psy;2013;
Gangnam Style;Psy;2012;
Groenlandia;Zombies;1987;
Grey Day;Zoot Woman;2003;
GATEWAY LOVE;Zwei;2013;
Good Feeling;Flo Rida;2011;
Goodbye;Feder ft Lyse;2015;
Gravity;Zlata Ognevich;2013;
Großer Bruder;Zlatko & Jürgen;2005;
Girl's Not Grey;AFI;2002;
Girl´s Not Grey;AFI;2002;
God Called In Sick Today;AFI;1999;
Good For You;Selena Gomez;2015;
Gotta go my own way;High School Musical 2;2007;
Give Me Peace On Earth '98;Modern Talking;1998;
Gloria;Umberto Tozzi;1979;
Goodbye to You;Scandal feat. Patty Smyth;1982;
Hikaru Nara (You Lie In April Opening);Goose House & Mioune Beastboy;2015;
Hammer High;Hammerfall;2016;
Hey Look Ma, I Made It;Panic! at the Disco;2018;
Hafanana;Afric Simone;1975;
Hiroshima;Sandra;1990;
Hey Everybody!;5 Seconds of Summer;2015;
Heartbreak Girl;5 Seconds of Summer;2014;
Howling At The Moon;Milow;2016;
Hold On;Jonas Brothers;2007;
Hajimari No Sora;+ Plus;2012;
Hurricane;30 Seconds to Mars;2009;
Huh;4Minute;2010;
Heart to Heart;4Minute;2011;
Hanno ucciso l'Uomo Ragno;883;2000;
Have Faith In Me;A Day to Remember;2011;
Het Pad Der Zeven Zonden;Het Huis Anubis;2018;
Het huis Anubis;Het Huis Anubis;2017;
Hij;Het Huis Anubis;2017;
Het geheim;Het Huis Anubis;2017;
Het is zomer;Amika;2009;
Holyanna;Toto;2015;
Hold the Line;Toto;2015;
Hunting High and Low;A-Ha;2010;
Human;The Killers;2013;
Hot and Cold;Katy Perry;2008;
Honey, Honey;ABBA;2012;
Happy New Year;ABBA;2010;
Head Over Heels;ABBA;2014;
Hole In Your Soul;ABBA;2001;
Hey Brother;Avicii;2014;
Het Laatste Rondje;André Hazes;2001;
Hurts Like Heaven;Coldplay;2011;
Happy Ending;MIKA;2007;
Happy Nation;Ace of Base;2015;
Highway to Hell (Live - 1991);AC/DC;1992;
High Voltage;AC/DC;2019;
Hells Bells;AC/DC;1992;
Heatseeker;AC/DC;1992;
Here With Me;Marshmello & CHVRCHES;2019;
Howling;Abingdon boys school;2007;
How Far I'll Go;Moana;2016;
Here Comes The Sun;The Beatles;1969;
Hard Rock Hallelujah;Lordi;2006;
Hit my Heart;Benassi Bros & Dhany;2005;
Highway to hell;AC/DC;1979;
Harder dan ik hebben kan;Bløf;1999;
Hey Dio;Nek;2014;
Higher Love;Kygo & Whitney Houston;2019;
Head above Water;Avril Lavigne;2018;
Have You Ever;The Offspring;1998;
Hell's Bells;AC/DC;1980;
Hash Pipe;Weezer;2001;
Hacking to the gate;Itou Kanako;2018;
Historias de amor y condón;Chancho en Piedra;2000;
Hospital;Petinellis;2002;
Heaven;Avicii & Chris Martin;2019;
Hoch;Tim Bendzko;2019;
Himalaya;C. Jérome;1972;
Holidays;Michel Polnareff;1972;
Having a party;Sam Cooke;1993;
Hij Is Van Mij;Kris Kross AmsterdamTabitha & Maan;2018;
Holterdiepolter;Anstandslos & Durchgeknallt & Georg Stengel;2019;
Hologram;NICO Touches the Walls;2009;
History Maker;Dean Fujioka;2016;
Heartbreak Century;Sunrise Avenue;2017;
Helikopter 117 (mach den Hub Hub Hub);Tobee;2017;
Heads Will Roll;Yeah Yeah Yeahs;2009;
Home Sweet Home;Mötley Crüe;1985;
He is;Ghost;2012;
Hurricanes;Dido;2019;
Hooked on a Feeling;Blue Swede;1992;
Heartbeat;Buddy Holly;1958;
Hot;Avril Lavigne;2007;
Hiphopper;Teddybears Sthlm & Thomas Rusiak;2000;
Hela huset;Veronica Maggio & Håkan Hellström;2013;
Human Nature;Michael Jackson;1982;
Headstrong;Trapt;2002;
Habibi;Kendji Girac;2020;
Harder;Jax Jones & Bebe Rexha;2018;
Habibi;Kendji Girac;2020;
Hall Of Fame;The Script & Will I Am;2012;
Hasta Manana;ABBA;1974;
Holz;257ers;2016;
Here Without You;3 Doors Down;2002;
Hot Air Balloon;Owl City;2009;
High;James Blunt;2014;
Higher;Taio Cruz & Kylie Minogue;2010;
Hangover;Taio Cruz & Flo Rida;2011;
Hungry Eyes;Eric Carmen;1987;
How Will I Know?;Whitney Houston;1986;
Halfway Around the World;A*Teens;2001;
Hot Stuff;Donna Summer;1979;
Happier;Ed Sheeran;2018;
Het Regent Meer Dan Vroeger;De Kreuners;1990;
Happy Xmas;John Lennon;1971;
Halloween;Piet Piraat;2014;
Het is altijd lente;Peter De Koning;1996;
Hoedown Throwdown;Miley Cyrus;2009;
Het Ploplied;Kabouter Plop;1998;
Heartache No.9;Blue System;1992;
I'll Find My Way Home;Jon Anderson & Vangelis;1981;
I'm Always Here;Survivor;1999;
I Left My Heart In Scandinavia;Jonas Brothers;2010;
Inseparable;Jonas Brothers;2007;
In my Eyes;Milk Inc.;1996;
I Promised Myself;A*Teens;2004;
I´m Not In Love;10CC;1975;
I Did Wrong;2AM;2012;
It's Not My Time;3 Doors Down;2008;
Io ci sarò;883;2000;
Io ci sarò;883;2017;
I'm Made of Wax, Larry, What Are You Made Of?;A Day to Remember;2011;
If It Means a Lot to You;A Day to Remember;2011;
I Ran (So Far Away);A Flock of Seagulls;2003;
If i had you;Adam Lambert;2009;
I Gotta Feeling;Back Eyed Peas;2009;
I Wanna Dance With Somebody;Whitney Houston;1987;
I Wish I Cared;A-Ha;2000;
I Found You;The Wanted;2012;
It's a Feeling;Toto;1982;
I don't like mondays;Boomtown Rats;1975;
I Have A Dream;ABBA;2014;
I Do, I Do, I Do, I Do, I Do;ABBA;2014;
I Kissed A Girl;Katy Perry;2008;
Ik Wil Je (Nooit Meer Kwijt);Bart Peeters;2006;
In My Place;Coldplay;2002;
It Will Rain;Bruno Mars;2011;
Ik Leef Niet Meer Voor Jou;Marco Borsato;2006;
Iris;The Goo Goo Dolls;2007;
In 100 years 98;Modern Talking;1998;
I want to make it with you;Bread;1970;
I would do anything for love;Meat Loaf;2004;
I Don't Care;Ed Sheeran & Justin Bieber;2014;
In 100 years;Modern Talking;1987;
I Will Follow You;Modern Talking;1998;
Il Volo;Zucchero;1995;
Il Ragazzo Della Via Gluck;Adriano Celentano;1966;
Il tempo se ne và;Adriano Celentano;1980;
In da club;50 Cent;2002;
Italiana;J-Ax & Fedez;2018;
Io Son Per Te LAmore;Emma Marrone;2011;
Io sono bella;Emma Marrone;2019;
I Ran (so far away);A Folck Of Seagulls;1982;
Io e te la soluzione;Alessio Bernabei;2018;
Io si tu no;France Gall;1965;
Il;Clara Morgane;2010;
I Begin to Wonder;Dannii Minogue;2003;
I Need you;3T & Michael Jackson;1997;
In the army now;Status Quo;1986;
It's magical;Ruslana;2017;
I'll Have To Say I Love You In A Song;Jim Croce;1992;
I Don't Wanna Dance;Eddy Grant;1982;
I Feel the Earth Move;Martika;1988;
It's Alright;East 17;1992;
In the Morning;The coral;2005;
It Takes A Fool To Remain Sane;The Ark;2000;
I Help You Hate Me;Sunrise Avenue;2017;
I Want To Know What Love Is;Mariah Carey;2009;
Innocence;Aoi Eir;2012;
If I Should Fall from Grace with God;The Pogues;1987;
Into the Unknown;Frozen 2;2019;
I Don't Want To Set The World On Fire;The Ink Spots;1938;
Io sono bella;Emma Marrone;2019;
I Fucked Up I Was a Child;Les Big Byrd;2018;
Il a neigé sur les Lacs;Jean Pierre François;1990;
Il coraggio di andare;Biagio Antonacci;2018;
IJskoud;Nielson;2018;
I Turn To You;Melanie C;1999;
It wasn't me;Shaggy;2000;
I Believe In You;Kylie Minogue;2004;
In Love Again;Rogue Traders;2006;
I Wanna Go;Britney Spears;2011;
Ich könnte deine Mutter oder deine Schwester sein;K.I.Z.;2013;
I Idolize You;Massive Ego;2015;
Indestructible;Robyn;2010;
I Don't Want a Lover;Texas;1989;
Informer;Snow;1992;
In Your Eyes;The Weeknd;2020;
I wanna be the only one;Eternal;1997;
I’m Not Alone;Calvin Harris;2009;
il a le truc;Les Gam's;1963;
I want a new drug;Huey Lewis and The News;1984;
If I Never See Your Face Again;Maroon 5 & Rihanna;2007;
I’ll Be Your Man;James Blunt;2011;
If you had my love;Jennifer Lopez;1999;
I’m Real;Jennifer Lopez;2001;
I´m Still Standing;Elton John;1983;
It’s My Life;Bon Jovi;2000;
I Gotta Feeling;Black Eyed Peas Tribute;2009;
I Can Hear the Bells;Hairspray;2002;
If I Told You That;Whitney Houston & George Michael;1998;
I Have Nothing;Whitney Houston;1993;
I Will Always Love You;Whitney Houston;1992;
I Learned From The Best;Whitney Houston;1998;
I'm Your Baby Tonight;Whitney Houston;1990;
I feel love;Donna Summer;1977;
Immigrant song;Led Zeppelin;1970;
I See Fire;Ed Sheeran;2013;
Ik Wil Je;De Kreuners;1990;
I gotta feeling;Black Eyed Peas & David Guetta;2009;
Jungle P;5050;2008;
Just Give Me a Reason;P!nk;2012;
Judith;A Perfect Circle;2000;
Journey To The Past;Anastasia;1997;
Just The Two Of Us;Will Smith;2002;
Just the Way You Are;Bruno Mars;2010;
Je Hoeft Niet Naar Huis Vannacht;Marco Borsato;2001;
Jet Airliner '98;Modern Talking;1998;
Jungla di Citta;Adriano Celentano;1982;
J'ai pas vingt ans;Alizée;2003;
J'en ai marre;Alizée;2003;
Je te donne;Worlds Apart;1996;
J'ai pas 20 ans (Benassi Bros mix);Benassi Bros;2007;
J'ai pas 20 ans (Benassi Bros mix);Alizée & Benassi Bros;2007;
J'ai pas de face;Akhenaton;1997;
Je suis malade;Serge Lama & Dalida;1973;
Je suis Muzik (version CD);Chris Prolls;2010;
Je suis Muzik;Chris Prolls;2010;
Judas;Fozzy;2018;
Jaina;Kriegsbringer;2018;
Jung Und Nicht Mehr Jugendfrei;Tokio Hotel;2005;
Jingle Bell Rock;Bobby Helms;1957;
Jingle Bell Rock;Bobby Helms;1957;
Julie à la folie;C. Jérome;1982;
Je te le donne - En duo avec Slimane;Vitaa;2018;
Jealous;Labrinth;2014;
Je ne sais pas son nom;Chimene Badi;2004;
Je ferme les yeux;Najoua Belyzel;2007;
Johnny, Johnny;Jeanne Mas;1985;
Jesus viendra pour les vacances;Chanson Plus Bifluoree;2001;
Je suis venu pour elle;Laurent Voulzy;2001;
Jigolo Har Megiddo;Ghost;2013;
J'sais pas danser;Kinito;2004;
Je veux;Hélène Rolles;1993;
Je serai (ta meilleure amie);Lorie;2001;
Je vais vite;Lorie;2007;
Je sais ou aller;Patrick Fiori;2002;
Je reviens te chercher;Gilbert Becaud;1972;
Jealousy;Amii Stewart;1979;
Jump (For My Love);The Pointer Sisters;1984;
Jerusalema;Mister KG & Nomcebo;2020;
Jenny From The Block;Jennifer Lopez;2002;
Je t'aime tu vois;Daniel Guichard;1975;
Je reviendrai;Sheryfa Luna;2008;
Just A Little Bit Of Your Heart;Ariana Grande;2014;
Jerusalem;Alphaville;1986;
Jerusalema;Master Kg & Nomcebo;2020;
Jesucristo el robot del futuro;Zorman;2013;
J’Me Tire;Maitre Gims;2013;
Jij bent zo;Jeroen van der Boom;2008;
Judas;Lady Gaga;2011;
Je Cours;Kyo;2003;
J'écoute Du Miles Davis;Navii;2016;
J'en Ai Marre;Thérapie TAXI;2018;
Just Another Girl;The Killers;2013;
Joey;Concrete Blonde;1990;
Kaleidoskop;AVVAH;2016;
Kuma He;K3;2005;
Kusjesdag;K3;2007;
Kryptonite;3 Doors Down;2000;
Kings & Queens;30 Seconds to Mars;2009;
Kiss This (Album Version);Aaron Tippin;2019;
Knowing Me, Knowing You;ABBA;2014;
Kanonbal;Bart Peeters;2008;
Kick Ass;MIKA;2009;
Kung Fu Beat;Ch!pz;2004;
Keine Ist Wie Du;Gregor Meyle;2012;
Kylie;Akcent;2005;
Kalimba de luna;Dalida;1982;
Kalimba de Luna;Boney M;1984;
Killer;Adamski & Seal;1989;
Killing me softly with his song;Roberta Flack;1973;
King of pain;Police;1983;
Kleuren van de wind;Pocahontas;1995;
Kinky Afro;Happy Mondays;1990;
Kicks;Paul Revere and the raiders;1966;
Kiss me;C. Jérome;1972;
Keep What Ya Got;Ian Brown;2004;
Katai le passe muraille;Patrick Topaloff;1984;
Keep yourself alive;Queen;1973;
Kapten Sol;Pontus & Amerikanerna;1991;
Koka-Kola Veins;The Tough Alliance;2005;
Kiss;Tom Jones and Art Of Noise;1988;
Königlich;Marie Wegener;2018;
Kon Ik Maar Even Bij Je Zijn;Thomas Berge;2009;
Knew Better/Forever Boy;Ariana Grande;2014;
Kaum Erwarten;Wincent Weiss;2019;
Kernkraft 400 (Woah Oh Oh Oh);Zombie Nation;1999;
Keep it dark;Genesis;1981;
Kabouterdans;Kabouter Plop;1998;
Kommt Zusammen;2Raumwohnung;2001;
Keresem Az Utam;Ákos;2000;
Lying Is the Most Fun a Girl Can Have Without Taking Her Clothes Off;Panic! at the Disco;2005;
Little In The Middle;Milow;2011;
Lovebug;Jonas Brothers;2008;
L.A. Baby;Jonas Brothers;2010;
Livin' a lie;Milk Inc.;2005;
Lift U Up;2 Fabiola;2012;
Louise;Clouseau;1989;
Lycanthrope;+44;2006;
La Salsa;2Be3;1999;
Loser;3 Doors Down;2000;
Landing in London;3 Doors Down;2005;
Let it Rain;4 Strings;2013;
Let The Sunshine In;The 5th Dimension;1969;
L'Emozione Non Ha voce;Adriano Celentano;2018;
La regina del Celebrità;883;2005;
La dura legge del gol;883;2000;
Lonely;Akon;2003;
Lose My Mind;The Wanted;2012;
Love Is Reason;A-Ha;2010;
Living a Boy's Adventure Tale;A-Ha;1985;
Like a Rose;A1;1999;
Last Friday Night (T.G.I.F.);Katy Perry;2012;
Lay All Your Love On Me;ABBA;2014;
Liefde Is Alles;Bart Peeters;2011;
Levels;Avicii;2013;
Life in Technicolor ii;Coldplay;2009;
Low;Coldplay;2005;
Lollipop;MIKA;2007;
Love Today;MIKA;2007;
Liquor Store Blues;Bruno Mars;2010;
Locked Out of Heaven;Bruno Mars;2014;
LoveStoned;Justin Timberlake;2006;
Life Is a Flower;Ace of Base;2014;
Lucky Love;Ace of Base;2015;
Longer;Dan Fogelberg;1979;
Licence To Kill;Gladys Knight;1989;
Live and Learn;Crush 40;2008;
Leviathan;Mr. Hurley & Die Pulveraffen;2019;
La verita;Vasco Rossi;2018;
La chanson de Raoul (quand le mer monte);Patrick Sébastien;2004;
La fiesta;Patrick Sébastien;1998;
Le petit bonhomme en mousse;Patrick Sébastien;1999;
Les Sardines;Patrick Sébastien;2006;
Love game;Lady Gaga;2009;
Les planetes;Matt Pokora;2019;
L'alizé;Alizée;2000;
Laura non c'é;Nek;1997;
L'isola;Emma Marrone;2018;
Life;Devin Townsend;1997;
Lava;Inside out;2015;
Last Kiss;Pearl Jam;1999;
Last Kiss;Pearl Jam;1999;
Let's dance;Chris Montez;1962;
Leef;André Hazes Jr;2016;
Libre;Alvaro Soler & Emma Marrone;2017;
Lo Mismo;Maitre Gims & Alvaro Soler;2018;
La Même;Maitre Gims & Vianney;2018;
Love's Holiday;Earth, Wind & Fire;1977;
Le sang des soldats;Don Juan;2003;
L'homme qui a tout;Don Juan;2003;
Le Dernier Qui A Parlé...;Amina;1991;
La donna e mobile;Luciano Pavarotti;1980;
La nuit je mens;Alain Bashung;1998;
La neige au Sahara (version 2012);Anggun;2012;
La cintura;Alvaro Soler;2018;
Love me love me;Arsenium;2005;
Le Diable au corps;Clara Morgane;2010;
L'Hymne de Nos Campagnes 2019;TryoClaudio CapéoZaz & Vianney;2019;
L'explorateur;Vaiana;2016;
Les limites;Julien doré;2008;
Les peres - Confesse toi;Le Palmashow;2017;
La zoubida;Lagaf;1991;
Lettera dal duca;Decibel;2018;
Lady;Kenny Rogers;1980;
Laat het los;Frozen;2014;
Les Oubliés;Gauvain Sers;2018;
Le Coach;Soprano;2019;
La pluie;Stromae & OrelSan;2017;
Les gens qu'on aime;Patrick Fiori;2017;
Love don't let me go;David Guetta;2002;
Lovers in the night;Toto;1984;
Le tombeur;Michel Leeb;1986;
Look What I Found;Lady Gaga;2018;
Les beaux yeux de Laure;Alain Chamfort;2003;
Les Filles de mon Pays;Enrico Macias;1996;
Le grand pardon;Enrico Macias;1971;
Les marseillais;Charly & Lulu;1999;
Locura espacial;Chancho en Piedra;1998;
Let Me Down Slowly;Alec Benjamin;2018;
Lache-moi les babouches;Tony Marco;1979;
Libertine;Mylène Farmer;1986;
Les planètes;M. Pokora;2019;
Libertine;Kate Ryan;2002;
Let It Ride;Bachman Turner Overdrive;1973;
Les marionettes;Christophe;1965;
Les mots bleus;Christophe;1975;
Les Paradis Perdus;Christophe;1973;
Lady Carneval;Karel Gott;1968;
La Louze;Shanguy;2018;
Légende urbaine;Émily Begin;2004;
Mit dem Moped nach Madrid;Madsen;2010;
Mamma Mia;A*Teens;1999;
MamaSe;K3;2009;
My First Kiss;30 Seconds to Mars & Ke$ha;2010;
My First Kiss;3OH!3 & Ke$ha;2010;
My Only Wish (This Year);Britney Spears;2018;
Mamma Mia;ABBA;1975;
Magdalena;A Perfect Circle;2000;
Minor Earth Major Sky;A-Ha;2005;
Music Again;Adam Lambert;2010;
Men In Black (From "Men In Black" Soundtrack);Will Smith;2002;
Mr. Brightside;The Killers;2015;
Miss Atomic Bomb;The Killers;2012;
Move On;ABBA;2001;
My Love, My Life;ABBA;2001;
Money Money Money;ABBA;2008;
Magic;Coldplay;2014;
Maps;Maroon 5;2014;
Misery;Maroon 5;2010;
Marry You;Bruno Mars;2010;
Mirrors;Justin Timberlake;2013;
Mee naar boven;Niels Destadsbader;2019;
Maman n'aime pas ma musique;Dick Rivers;1974;
Malibu;Hole;1998;
Mitterran (Maître de l'univers);Patrick Sébastien;1988;
Maria Salvador;Il Cile & J-Ax;2015;
Mi Parli Piano;Emma Marrone;2018;
Mondiale;Emma Marrone;2019;
Mauvaise foi nocturne;Fatal Bazooka & Pascal Obispo;2007;
My life is going on;Cecilia Krull;2017;
My Love Is Like...Wo;Mya;2003;
Magnolias for ever;2Be3;1996;
Minuit;Andrée Watters;2008;
Maledetto Luna Park;Loredana Berte;2018;
Ma petite entreprise;Alain Bashung;1994;
Mourir sur scene;Dalida;1983;
Memories;Maroon 5;2019;
Ma Baker;Boney M;1977;
Meme si je sais;Clara Morgane;2010;
Moose;ROH Theme;2017;
Marty Scrull;ROH Theme;2016;
ME!;Brendon Urie;2019;
Midnight City;M83;2011;
Mr. Lonely;Bobby Vinton;1962;
Mary;Bausa;2019;
Monsters;James Blunt;2019;
Mala vida;Mano negra;2002;
Million Eyes;Loic Nottet;2016;
Move;The Mamas;2020;
Musik Non Stop;Kent;2010;
Marionnettiste;Pierre Bachelet;1986;
Mother's Daughter;Miley Cyrus;2019;
MALAMENTE;ROSALÍA;2018;
Misty Morning, Albert Bridge;The Pogues;1989;
Million Years Ago;Adele;2015;
Mama;Spice Girls;1996;
Mal amor;La Noche;2008;
Mateo;Tronic;2005;
Ma Star a moi;Elsa Esnoult & Sebastien Roch;2014;
Mama;Christophe;1973;
Main dans la main;Christophe;1972;
Mugel - Halb Mensch Halb Kugel;Kaka Island Monkeys;2015;
Mach die Augen zu;Rakede;2017;
Mein schönster Tag in deinem Leben;Rakede;2017;
Moneytalk;AC/DC;1990;
Ma sainte-nitouche;Najoua Belyzel;2009;
MIC Drop;BTS;2017;
Mioune - Innocence;Aoi Eir;2018;
Mi Sento Bene;Arisa;2019;
Mi farò trovare pronto;Nek;2019;
Mistery of love;Sufjan Stevens;2017;
Missing U;Robyn;2018;
Mi rubi l'anima;Raffaele Riefoli;2010;
Mistaken Identity;Delta Goodrem;2005;
Me Too;Meghan Trainor;2016;
Monstrance Clock;Ghost;2013;
Me;Taylor Swift & Brendon Urie;2019;
Métis(se);Yannick Noah;2005;
Move on baby;Cappella;1995;
Mon Univers;Kendji Girac;2014;
Maman me dit;Angelina Nava;2018;
Marina;Francesco Napoli;1987;
Mama Laudaa;Almklausi & Specktakel;2018;
More Than You Know;Axwell /\ Ingrosso;2017;
Mama Said;Lukas Graham;2015;
Männer muss man loben;Barbara Schöneberger;2007;
Meet You There;Busted;2015;
Memories;Maroon 5;2019;
Mi Gente;J Balvin & Willy William;2018;
Monument;Röyksopp & Robyn;2014;
Mr. Mysterious;Vanessa Amorosi & Seany B;2010;
Me que me que;Gilbert Becaud;1953;
Man On A Wire;The Script;2014;
My Way;Calvin Harris;2016;
Money;Pink Floyd;1973;
Meteor Shower;Owl City;2009;
Maniac;Girlicious;2009;
Miss Baltimore Crabs;Hairspray;2007;
My Name Is Not Susan;Whitney Houston;1990;
My Love Is Your Love;Whitney Houston;1998;
Never Enough;The Greatest Showman;2017;
New Year's Day;2 Fabiola & Medusa;1999;
Nobelprijs;Clouseau;1996;
No It Isn´t;+44;2005;
No Limit!;2 Unlimited;1993;
Nord sud ovest est;883;2000;
Not Over You;Gavin DeGraw;2011;
New Tomorrow;A FRIEND IN LONDON;2019;
Never Close Our Eyes;Adam Lambert;2012;
Need Your Love;Curtis Harding;2017;
Nobody's Wife;Anouk;2003;
Nooit Meer Een Morgen;Marco Borsato;2006;
Never Really Over;Katy Perry;2019;
New York City Boy;Pet Shop Boys;1999;
New Life;Eiffel 65;2001;
Neighborhood #3;Arcade Fire;2004;
Nana Banana;Netta;2019;
Nel mezzo di un applauso;Alessio Bernabei;2017;
Noi siamo infinto;Alessio Bernabei;2016;
Non e il sud america;Alessio Bernabei;2017;
Not Alone;Aram Mp3;2014;
N’écoute pas les idoles;France Gall;1964;
Nuit Blanche;Clara Morgane;2010;
Nexus;Amaranthe;2013;
Next To Me;Emeli Sandé;2012;
Nebo;Diskoteka Avariya;2001;
Never Ending Story;Stranger Things 3;2019;
Niña;Petinellis;2002;
No Time;The Guess Who;1969;
Never Miss a Beat;Kaiser Chiefs;2008;
Ne raccroche pas;Christophe;1985;
Noir est ta couleur;Christophe;1983;
No tengo dinero;Righeira;1983;
No Name;Ryan O'Shaughnessy;2012;
Nummer 1;Stereoact;2016;
Natural;Imagine Dragons;2018;
Nur mit Dir;Helene Fischer;2017;
Nobody’s Perfect;Jessie J;2011;
Ne reviens pas;Gradur;2020;
No Interruption;Hoodie Allen;2012;
Nos célébrations;Indochine;2020;
Never Really Over;Katy Perry;2019;
Nerdy;Busted;2003;
Nie stärker als jetzt;Max Giesinger;2020;
Never Let Me Down;VIZE & Tom Gregory;2020;
Nie ma wody na pustyni;Bajm;1982;
No Good In Goodbye;The Script;2014;
Nothing;The Script;2010;
No Bravery;James Blunt;2004;
No milk today;Royal Gigolos;2004;
Nicest Kids in Town;Hairspray;2007;
Night Fever;Bee Gees;1977;
Nancy Mulligan;Ed Sheeran;2017;
Nothing In This World;Paris Hilton;2006;
Nobody's perfect;Miley Cyrus;2011;
Nothing Like Us;Justin Bieber;2013;
Not An Addict;K's Choice;1996;
Ne Èakaj Na Maj;Zlata Ognevich;1993;
Nothing's Gonna Stop Us Now;Starship;1987;
Nico And The Niners;Twenty One Pilots;2018;
Night Crawling;Miley Cyrus & Billy Idol;2020;
Never gonna stop;Rob Zombie;1997;
Ohne Liebe;Subway to Sally;1999;
Out of My Hands;Milow & Marit Larsen;2008;
Oya Lele;K3;2003;
Orestes;A Perfect Circle;2000;
Once Upon a December;Anastasia;2016;
One Of Us;ABBA;2014;
Onderweg;Abel;2000;
Of The Night;Bastille;2014;
Onbewoonbaar Verklaard;Marco Borsato;1997;
One, Two, Three!;Ch!pz;2007;
Old Time Rock & Roll;Bob Seger & The Silver Bullet Band;1984;
Out Of Control;Battle Beast;2013;
Osez Joséphine;Alain Bashung;1991;
One desire;Jakarta;2008;
Orinoco Flow;Enya;2001;
Only Human;Jonas Brothers;2019;
Oui mais non;Mylène Farmer;2010;
OK Miami;C. Jérome;1975;
Obstacle 1;Interpol;2002;
Ou est la Toscan ?;Michel Polnareff;1981;
One Last Time;Ariana Grande;2015;
Old Town Road;Lil Nas X & Billy Ray Cyrus;2019;
On the Radio;The Concretes;2006;
one of us;Cher;2018;
Our Time;Lily Allen;2014;
One Touch;Jess Glynne & Jax Jones;2018;
On s'endort;Willy William;2017;
Oops... I Did It Again;Britney Spears;2004;
One Moment In Time;Whitney Houston;2000;
Op Zoek;De Kreuners;1990;
One Time;Justin Bieber;2009;
One Less Lonely Girl;Justin Bieber;2010;
On donne ca;Léa Castel & Zifou;2012;
Oh Africa;Akon & Keri Hilson;2010;
Only You;Selena Gomez;2017;
Ölelj meg újra;Ákos;2002;
On My Way;Axwell & Ingrosso;2015;
Oui Ou Non;Angèle;2019;
On Ebay;Weird Al Yankovic;2003;
Porto Vecchio;Julien doré;2016;
Please Be Mine;Jonas Brothers;2006;
Paranoid;Jonas Brothers;2009;
Play My Music;Jonas Brothers;2009;
Pills And Potions;Nicki Minaj;2014;
Pound The Alarm;Nicki Minaj;2012;
Paff, a bûvös sárkány;100 Folk Celsius;1984;
Please Don't Leave Me;P!nk;2010;
Pet;A Perfect Circle;2003;
Passive;A Perfect Circle;2004;
Punk Means;A.F.;2008;
Peacock;Katy Perry;2012;
Part Of Me;Katy Perry;2012;
Ping pong;Act;2007;
Poolijs;Bart Peeters;2011;
Poison Arrow;ABC;2001;
Paradise;Coldplay;2011;
Prospekt's March;Coldplay;2008;
Pompeii;Bastille;2013;
Paris;Chainsmokers;2017;
Play Some Rock;Liquido;2000;
Part of Your World;The Little Mermaid;1989;
Partigiano reggiano;Zucchero;2016;
Pourvu que ca dure;Patrick Sébastien;2002;
Prisencolinensinainciusol (Svveepas progressive bump);Adriano Celentano;2015;
Pop Song 89;R.E.M.;1988;
Partir un jour;2Be3;1996;
Prisencolinensinainciusol;Adriano Celentano;1971;
Plus haut;Claudio Capéo;2018;
Panama;Van Halen;1984;
Papillon de nuit;France Gall;1998;
Parle plus bas;Dalida;1972;
Peggy Sue;Buddy Holly;1958;
Pretty young girl;Bad Boys Blue;1985;
Pioggia Viola;Chiara Galiazzo & J-Ax;2019;
Privaye dancer;Tina Turner;1984;
Poppa Joe;The Sweet;1972;
Papa t'es plus dans l'coup;Sheila;1963;
Parle à ta tête;Indila;2019;
Pour le plaisir;Herbert Léonard;1981;
PIENSO EN TU MIRÁ;ROSALÍA;2018;
Porque te vas;Jeanette;1987;
Plus rien;Les Cowboys Fringants;2004;
People Help The People;Birdy;2011;
Poupée de cire, poupée de son;Kim Kay;1965;
Please Don't Lie;Hugo Helmig;2018;
Polaroid;Jonas Blue;2018;
Pardonne moi;Johnny Hallyday;2016;
Parle moi;Nadiya;2003;
Poi poi poi;Enrico Macias;1973;
Perfect Strangers;Deep Purple;1984;
Pump Pump;Fredi and Friends;1976;
POP/STARS;Jaira Burns;2018;
POP/STARS;K/DAJaira BurnsMadison Beer & (G)I-DLE;2018;
Please Forgive Me;Brian Adams;1993;
Pepper;Butthole Surfers;1996;
Pinball Wizard;The Who;1969;
Piece Of Me;Britney Spears;2007;
Pisse;Schnipo Schranke;2015;
Paradise;Within Temptation & tarja turunen;2014;
Plus près des étoiles;Gold;1984;
Punkrocker;Teddybears Sthlm & Iggy Pop;2006;
P.Machinery;Propaganda;1985;
Play;Lorie & Garou;2007;
Part-Time Lover;Stevie Wonder;1985;
Promised You a Miracle;Simple Minds;1982;
Poor Boy;The Lords;1968;
Party-Hitmix;PUR;1999;
Pocketful Of Sunshine;Natasha Bedingfield;2007;
Piano Man;Billy Joel;1976;
Pray;Tina Cousins;1998;
Poison;Alice Cooper;1989;
play;Jennifer Lopez;2001;
Papi;Jennifer Lopez;2011;
Pump It;Black Eyed Peas Tribute;2006;
Put Your Hearts Up;Ariana Grande;2011;
Perfect Symphony;Ed Sheeran;2017;
Perfect;Ed Sheeran;2017;
Photograph;Ed Sheeran;2014;
Pump it;Black Eyed Peas;2005;
Pump it;Black Eyed Peas;2005;
Piet Piraat Is Op Vakantie;Piet Piraat;2001;
Piet Piraat;Piet Piraat;2001;
Party In The U.S.A.;Miley Cyrus;2009;
Party Rock Anthem;LMFAO Lauren Bennett & Goon Rock;2011;
Pray;Justin Bieber;2009;
Per Spoor;Guus Meeuwis & Vagant;1996;
People You Know;Selena Gomez;2020;
Perfect;Selena Gomez;2015;
Poker Face;Lady Gaga;2008;
Paparazzi;Lady Gaga;2007;
pour etre libre;2Be3;2001;
Poupée Russes;Kyo;2014;
Pressure;Muse;2018;
Placement de Produits;Squeezie;2017;
Paradise;George Ezra;2018;
Pamela;Toto;1988;
Protect Your Mind (Braveheart);DJ Sakin;1998;
Party all the time;Eddy Murphy;1985;
Pocsolyába Léptem;Takács Tamás;2000;
Que Dieu me pardonne;Kendji Girac & Claudio Capéo;2018;
Qua la mano;Adriano Celentano;1980;
Qui je suis;Andrée Watters;2003;
Quand on n'a que l'amour;Jacques Brel;1992;
Quiero ser libre;La Noche;2008;
Que nadie se entere;La Noche;2012;
Que sont ils devenu;Najoua Belyzel;2017;
Quand revient l'été;Najoua Belyzel;2007;
Queen of Rain;Roxette;1992;
Quiet;Demi Lovato;2009;
Que hiciste;Jennifer Lopez;2007;
Quand ils sont là;Yannick Noah;2004;
Queen of witches;Kano;1983;
Queen of chinatown;Amanda Lear;1977;
Rewrite The Stars;The Greatest Showman;2017;
Radio Hardcore;Italobrothers;2010;
Role of a Lifetime;Bare;2011;
Raise Your Glass;P!nk;2010;
Right Now (Na Na Na);Akon;2008;
Rosanna;Toto;2014;
Read My Mind;The Killers;2006;
Ring Ring;ABBA;2008;
Relax, Take It Easy;MIKA;2007;
Rain;MIKA;2009;
Rood;Marco Borsato;2018;
Rock and Roll Ain't Noise Pollution;AC/DC;1997;
Rock Your Body;Justin Timberlake;2003;
Rockstar;Ch!pz;2005;
Ready for the victory;Modern Talking;2002;
Red;Elbow;2001;
Rock the night;Europe;1986;
Reflection;Christina Aguilera;1998;
Rhythm Of Life;US5;2006;
Runaway;Janet Jackson;1995;
Ramaya;Afric Simone;1975;
Rhythm of the night;Alex C & Yasmin K;2002;
Roll with the wind;Alexander Rybak;2010;
Rock with you;Michael Jackson;1979;
Rags to Riches;Tony Bennett;1971;
Right Now;Jeanette;2002;
Radar Detector;Darwin Deeez;2010;
Replay;Tamta;2019;
R to the A;C J Lewis;1995;
R to the A;C J Lewis;1995;
Ron Damon;Los mox!;2001;
Return of The Mack;Mark Morrison;1996;
Radio;Michel Polnareff;1981;
Regenbogenfarben;Kerstin Ott & Helene Fischer;2018;
Roc;Nadiya;2006;
Roter Mond;Die Irrlichter;2004;
Raining Diamonds;Ricki-Lee;2011;
Rhythm is a dancer;Snap!;1992;
Real Emotion;SWEETBOX;2004;
Roma Bankok;Baby K & Lilly Mirdamadi;2017;
Red Blooded Woman;Kylie Minogue;2004;
Revolution Radio;Green Day;2016;
Runnin' with the Devil;Van Halen;1978;
Rock to the beat;One O One;1989;
Rats;Ghost;2018;
Ritual;Ghost;2010;
Roma Bankok (spanish version);Baby K;2017;
Roma Bankok;Giusy Ferreri & Baby K;2015;
Rock N Roll;Avril Lavigne;2013;
Rock DJ;Robbie Williams;2000;
Radio;Robbie Williams;2004;
Rudebox;Robbie Williams;2006;
R.E.M;Ariana Grande;2018;
Reste;Sting & Maitre Gims;2019;
Replay;Lady Gaga;2020;
Rice & Curry;Doctor Bombay;1998;
Rooftop;Nico Santos;2018;
Rainbow;Kacey Musgraves;2018;
Right Here Right Now;High School Musical;2006;
Replay;Iyaz;2009;
Rolling in the Deep;Adele;2011;
Ready For The Weekend;Calvin Harris;2009;
Run and Tell That;Hairspray;2007;
Run to You;Whitney Houston;1992;
Rockin';A*Teens;2001;
Rock That Body;Black Eyed Peas;2010;
Rosanne;Nick & Simon;2008;
Running in the 90's;Max Coveri;1998;
Rough Boy;ZZ Top;1985;
Right Round;Flo Rida;2009;
Right Where You Want Me;Jesse McCartney;2006;
Ridin´ Solo;Jason Derülo;2010;
Really Don't Care;Demi Lovato & Cher Lloyd;2013;
Rolling Girl;Hatsune Miku;2011;
Rester Femme;Axelle Red;1996;
raise this barn;my little pony;2014;
REDHEART;Akai Haato;2021;
Rocking rollin;Scialpi;1983;
Regenbogen;Mark Forster & Lena Meyer-Landrut;2016;
Regarde-moi;Céline Dion;1995;
Someone You Loved;Lewis Capaldi;2019;
She's Kinda Hot;5 Seconds of Summer;2015;
She Looks So Perfect;5 Seconds of Summer;2014;
Shake It;Metro Station & 50 Cent;2007;
Stamp On The Ground;Italobrothers;2010;
S.O.S.;Jonas Brothers;2008;
Sucker;Jonas Brothers;2019;
Sorry;Jonas Brothers;2012;
Super Trouper;A*Teens;1999;
Super Bass;Nicki Minaj;2010;
Save Me;Nicki Minaj;2010;
Stupid Hoe;Nicki Minaj;2012;
Starships;Nicki Minaj;2012;
Sleigh Ride;(Xmas) Andy Williams;1963;
Son of Man;Tarzan;1999;
Smack;3 Doors Down;2000;
Stranger In A Strange Land;30 Seconds to Mars;2009;
Search & Destroy;30 Seconds to Mars;2009;
Savior;30 Seconds to Mars;2005;
Starstrukk;3OH!3 & Katy Perry;2008;
Stay;Zedd & Alessia Cara;2007;
Só Tu Podes Alcançar;4 Taste;2006;
Sempre Que Te Vejo;4 Taste;2006;
Stand By Me;4 The Cause;1998;
So What;P!nk;2019;
Stupid Girls;P!nk;2006;
Sei un mito;883;2000;
Sei un mito;883;2000;
Senza averti qui;883;2000;
Since U Been Gone;A Day to Remember;2011;
Sticks & Bricks;A Day to Remember;2011;
Space Age Love Song;A Flock of Seagulls;2003;
Say Something;A Great Big World & Christina Aguilera;2013;
Shallow (A Star Is Born);Riverfront Studio Singers & Lady Gaga;2018;
Sure Fire Winners;Adam Lambert;2009;
Stop Loving You;Toto;2014;
Stay on These Roads;A-Ha;1991;
Summer Moved On;A-Ha;2018;
Summer Moved On;A-Ha;2018;
Somebody Told Me;The Killers;2009;
Spaceman;The Killers;2013;
Smile Like You Mean It;The Killers;2013;
Same Old Brand New You;A1;2009;
Super Trouper;ABBA;2014;
S.O.S.;ABBA;2014;
Summer Night City;ABBA;2014;
Samsonrock;Samson & Gert;1991;
Soldiers;ABBA;2001;
Suzy Hang Around;ABBA;2014;
Slipping Through My Fingers;ABBA;2012;
So Long;ABBA;2014;
Slaapwals;Bart Peeters;2011;
Sk8er Boi;Avril Lavigne;2002;
Smile;Avril Lavigne;2011;
Someone Like You;Adele;2011;
Skyfall (Full Length);Adele;2012;
Steampunk Revolution;Abney Park;2014;
Swallowed in the Sea;Coldplay;2005;
Speed of Sound;Coldplay;2005;
Shiver;Coldplay;2000;
Strawberry Swing;Coldplay;2008;
Somewhere in Brooklyn;Bruno Mars;2010;
Summer;Calvin Harris;2014;
Sleeping in My Car;Roxette;2009;
Stiff Upper Lip;AC/DC;2000;
SexyBack;Justin Timberlake;2006;
Summer Love;Justin Timberlake;2006;
Smooth Criminal;Michael Jackson;2015;
Something To Dance For;Zendaya & Bella Thorne;2012;
Sexy sexy lover;Modern Talking;1999;
Secret Agent Man;Johnny Rivers;1966;
State of Love and Trust;Pearl Jam;1991;
Sign Of The Times;The Belle Stars;1983;
Sunflower;Post Malone & Swae Lee;2018;
Senza una donna;Zucchero;1987;
Sink the pink;AC/DC;1985;
Sconosciuti da una vita;J-Ax & Fedez;2018;
Senza Pagare;J-AxT-Pain & Fedez;2017;
Soldat;Aya Nakamura;2019;
Schatzi bitte loss mi ned im Wohnzimmer schlofn;Norbert Schneider;2018;
So Am I;Ava Max;2019;
Something's Gotten Hold Of My Heart;Marc Almond & Gene Pitney;1989;
Svalutation;Adriano Celentano;1976;
Sayonara monsieur Kung Fu;Atsuko;1981;
Si exceptionnel;Andrée Watters;2003;
Seul;Don Juan;2003;
Savior;Anggun;2005;
Speak Softly Love;Andy Williams;1972;
Senza Pensieri;Fabio RovazziJ-Ax & Loredana Berte;2019;
Sofia;Alvaro Soler;2016;
Satisfaction;Benassi Bros;2002;
Svalutation;Francesco Gabbani;2012;
Salama ya salama;Dalida;1978;
SOS;Avicii;2019;
Something deep inside;Billie Piper;2000;
Sempre Noi;Max Pezzali & J-Ax;2012;
Super Clash;Fatal Bazooka & Chris Prolls;2010;
Supernature;Cerrone;1977;
S.O.S.;Cher;2018;
Steamy Windows;Tina Turner;1989;
Take Me In Your Arms;Lil Suzy;1991;
The Great Beyond;R.E.M.;1999;
Tennessee;Silver Jews;2001;
Tonight;Jonas Brothers;2008;
Turn Right;Jonas Brothers;2009;
The;The Greatest Showman;2017;
This is me;The Greatest Showman;2017;
The Night Is Still Young;Nicki Minaj;2014;
Toveren;K3;2001;
Tarzan & Jane;Toy-Box;1999;
The Most Certain Sure;!!! chkchkchk;2010;
Trinity;009 Sound System;2009;
The Things We Do for Love;Radio Globo;1977;
Time Machine;1640mP & Hatsune Miku;2010;
Tribal Dance;2 Unlimited;1993;
This Is War;30 Seconds to Mars;2009;
The Kill;30 Seconds to Mars;2005;
The Fantasy;30 Seconds to Mars;2005;
Touchin´ On My;3OH!3;2010;
Tiquila;The Champs;1993;
Take On Me;A-Ha;1985;
Try;P!nk;2012;
Tieni il tempo;883;2000;
The Downfall of Us All;A Day to Remember;2011;
The Noose;A Perfect Circle;2003;
The Outsider;A Perfect Circle;2003;
Touch me;A-Ha;1985;
Ten Feet Tall;Afrojack & Wrabel;2014;
The Spark;Afrojack & Spree Wilson;2013;
Touchy!;A-Ha;1988;
The Living Daylights;A-Ha;2010;
Try Again;Aaliyah;2019;
The Day Before You Came;ABBA;2014;
Take A Chance On Me;ABBA;2014;
The Name of the Game;ABBA;2008;
Tiger;ABBA;2001;
That's Me;ABBA;2014;
Thank You For The Music;ABBA;2001;
The Winner Takes It All;ABBA;2014;
The Visitors;ABBA;2014;
The Nights;Avicii;2014;
The Nights;Avicii;2014;
The Look Of Love;ABC;2008;
T.N.T.;AC/DC;1992;
Trouble;Coldplay;2000;
The Scientist;Coldplay;2002;
Talk;Coldplay;2005;
The Hardest Part;Coldplay;2005;
Things We Lost In The Fire;Bastille;2013;
This Love;Maroon 5;2012;
Talking to the Moon;Bruno Mars;2010;
That's What I Like;Bruno Mars;2016;
Treasure;Bruno Mars;2012;
The Lazy Song;Bruno Mars;2010;
Take It Off;Ke$ha;2010;
The Sign;Ace of Base;2015;
The first the last eternity;Snap! & Summer;1994;
The Day I Tried To Live;Soundgarden;1994;
Tutto Molto Interessante;Fabio Rovazzi;2016;
Tourner les serviettes;Patrick Sébastien;2000;
Toy;Netta;2018;
The Rhythm Of The Night;Corona;1995;
Tombé;Matt Pokora;2019;
Tonton du bled;113;1999;
Tutto tua madre;J-Ax;2019;
Tuvaferkwa !;Fatal Bazooka;2010;
Them Bones;Alice in chains;1992;
Toujours là pour toi;2Be3;1996;
Tout de moi;Andrée Watters;2011;
The Adventure;Angels & Airwaves;2006;
The Chain;Fleetwood Mac;1977;
Thriller;Michael Jackson;1982;
Thriller (Steve Aoki Midnight Hour Remix);Michael Jackson & Steve Aoki;2017;
That'll Be The Day;Buddy Holly;1958;
Tombe la neige;Adamo;1976;
The Rhythm of the night;Chris Garcia;2010;
The Rhythm of the night;Chris Garcia;2010;
Tubthumping;Chumbawamba;1997;
Tubthumping (French mix);Chumbawamba;1997;
Tu es comme ça;Marilou Bourdon & Garou;2005;
Time in a Bottle;Jim Croce;1978;
Tequila e san miguel;Loredana Berte;2019;
The best;Tina Turner;1989;
The Shoop Shoop Song (It's in His Kiss);Cher;1990;
Trampoline;Shaed & Zayn;2018;
Toutes les machines ont un coeur;Maëlle;2019;
Tiago;Kendji Girac;2018;
Torn;Ava Max;2019;
Thunderclouds;LSD;2018;
Toss a Coin to Your Witcher;Jaskier;2019;
The best in me;Tom Leeb;2020;
Thunderstruck;AC/DC;1990;
Toot toot premiere fois;Les Charlots;1986;
The Ballroom Blitz;The Sweet;1974;
The Girl And The Robot;Röyksopp & Robyn;2009;
Think About Us;Little Mix & Ty Dolla $ign;2018;
Too Much;Spice Girls;1997;
Te enojai por todo;Sinergia;2007;
Tombé;M. Pokora;2019;
Two Man Gang;Les Big Byrd;2017;
Upside Down;A*Teens;2001;
Una canzone d'amore;883;2000;
U-Turn (Lili);Aaron;2008;
Under Attack;ABBA;2014;
Uptown Girl;Billy Joel;2006;
Up&Up;Coldplay;2015;
Up in Flames;Coldplay;2011;
Underwater;MIKA;2012;
Une petite pipe;Patrick Sébastien;2015;
Uh uh;Adriano Celentano;1982;
Überlin;R.E.M.;2011;
Uh la la la;Alexia;1997;
Unstoppable;Sia;2016;
Un'altra volta da rischiare;Ermal Meta & J-Ax;2019;
Un'altra volta da rischiare;Ermal Meta & J-Ax;2019;
Universe On Fire;Gloryhammer;2015;
Un beso y una flor;Los mox!;1999;
Une Bague Un Collier;Ringo;1973;
Una vita in vacanza;Lo Stato Sociale;2016;
Unity;Nadiya;2017;
Unikat;SDP;2019;
Un po' come la vita;Briga;2019;
Un clair de lune a Maubeuge;Bourvil;2014;
un clair de Lune a Maubeuge;Pierre Perrin;2014;
Übermorgen;Mark Forster;2020;
Unwritten;Natasha Bedingfield;2004;
Until You're Mine;Demi Lovato;2008;
U Got Nothin' on Me;Demi Lovato;2009;
Up All Night;Owl City;2005;
Umbrella Beach;Owl City;2009;
Up in the Air;30 Seconds to Mars;2013;
Un Kilo;Zucchero;2006;
U Smile;Justin Bieber;2010;
Ugly;2NE1;2011;
Unity;Alan Walker;2019;
Una Finestra Tra Le Stelle;Annalisa;2015;
uno dos tres;el simbolo;2003;
Va Va Voom;Nicki Minaj;2012;
Vrede op aarde;Samson & Gert;2008;
Voulez-Vous;ABBA;2014;
Vervaldag;Bart Peeters;2011;
Violet Hill;Coldplay;2008;
Viva La Vida;Coldplay;2008;
Vrij Zijn;Marco Borsato;2006;
Volare;Fabio Rovazzi & Gianni Morandi;2017;
Vanity;Lady Gaga;2009;
Vorrei ma non posto;J-Ax & Fedez;2017;
Villa mon cul;Font et Val;1978;
Vertige de l'amour;Alain Bashung;1980;
Vrijgezel;Benny Neyman;1996;
Vice versa;Francesco Gabbani;2020;
Vincent;Sarah Connor;2019;
Va Bene;L'algerino;2018;
Viva Forever;Spice Girls;1996;
Veinte por ciento;Tronic;2008;
Vienna Calling;Falco;1985;
Vivre ou survivre;Nadiya;2007;
Vara Vänner;Jakob Hellman;1989;
Volcano Man;Will Ferrell & Rachel Mc Adams;2020;
Vanilla Twilight;Owl City;2009;
Volevo te;Giusy Ferreri;2015;
Valahol egy férfi vár;Zséda;2009;
Viva las Vegas;ZZ Top;1992;
Vulnerable;Selena Gomez;2020;
Végre;Ákos;1998;
Vincero;Annalisa;2015;
Verdronken vlinder;Boudewijn de Groot;1966;
We Will Rock You;Forever Young;2003;
What i like about you;5 Seconds of Summer;2014;
We Must Be Crazy;Milow;2014;
Who I Am;Jonas Brothers;2009;
When You Look Me in the Eyes;Jonas Brothers;2007;
Work It Out;Jonas Brothers;2008;
Whip It;Nicki Minaj;2012;
Wasteland;10 Years;2004;
Walking In The Air;The Snowman;1987;
When Your Heart Stops Beating;+44;2006;
We Own It;2 Chainz & Wiz Khalifa;2013;
Winda do Nieba;2 Plus 1;1978;
When I'm Gone;3 Doors Down;2000;
When You’re Young;3 Doors Down;2011;
What's Up;4 Non Blondes;1992;
Woo Hoo;The 5.6.7.8's;2007;
Walk Me Home;P!nk;2019;
Whisper;A Fine Frenzy;2007;
What's Going On;A Perfect Circle;2004;
When The Levee Breaks;A Perfect Circle;2004;
Womanizer;Britney Spears;2008;
Wake Me Up Before You Go-Go;Wham!;1984;
Waterloo;ABBA;1974;
We're Looking for the Whales;A-Ha;2010;
Whataya Want From Me;Adam Lambert;2009;
We Own The Night;The Wanted;2013;
Walks Like Rihanna;The Wanted;2013;
Wild Wild West;Will Smith;1999;
When You Were Young;The Killers;2006;
When All Is Said And Done;ABBA;2014;
When I Kissed The Teacher;ABBA;2014;
Wake Me Up;Avicii;2013;
Wake Me Up;Avicii;2013;
Without You;Avicii;2017;
Waiting For Love;Avicii;2015;
White Shadows;Coldplay;2005;
We Are Golden;MIKA;2009;
Wake Up Call;Maroon 5;2007;
When I Was Your Man;Bruno Mars;2012;
Waarom Nou Jij;Marco Borsato;2002;
Whole Lotta Rosie;AC/DC;2014;
What Goes Around.../...Comes Around (Interlude);Justin Timberlake;2006;
We R Who We R;Ke$ha;2014;
Waikiki Beach;Ch!pz;2007;
Wheel of Fortune;Ace of Base;2015;
Watch Me;Zendaya & Bella Thorne;2012;
Wieder Lila;Sambra & Capital Bra;2019;
World of confusion;Space Master;1996;
Wie kan mij vertellen;André Hazes Jr;2017;
Why not me;Alexander Rybak;2010;
Wild & Free;Lena Meyer-Landrut;2015;
Whatever you want;Status Quo;1979;
We Don't Need Another Hero (Thunderdome);Tina Turner;1985;
Wild Dances;Ruslana;2004;
Wo bist du;Spider Murphy Gang;1982;
When You Look At Me;Christina Milian;2001;
When the Rain Begins to Fall;Jermaine Jackson & Pia Zadora;1984;
What's Love Got To Do With It;Tina Turner;1985;
Walking The Wire;Imagine Dragons;2017;
Watching You;Rogue Traders;2006;
When It All Falls Apart;The Veronicas;2005;
White Winter Hymnal;Fleet Foxes;2008;
Waterfall;The Stone Roses;1989;
Wannabe;Spice Girls;1996;
Who do you think you are?;Spice Girls;1996;
Wherever I Lay My Hat;Paul Young;1985;
Welcome to tomorrow;Snap!;1994;
Want;Taemin;2019;
With Every Heartbeat;Robyn & Kleerup;2008;
What's Going On;Casey Donovan;2005;
Waiting for the Night;Ghost;2013;
Wannabe;Spice Girls;1996;
Wannabe;Spice Girls;1996;
Why;Enigma;1992;
Week end;Lorie;2003;
When the Going Gets Tough, the Tough Get Going;Billy Ocean;1985;
Wenn sie tanzt;Max Giesinger;2016;
When there was me and you;High School Musical;2006;
What I´ve Been Looking For;High School Musical;2006;
We're All In This Together;High School Musical;2006;
We Cry;The Script;2008;
What's Love Got To Do With It;Kygo & Tina Turner;2020;
When can I see you again;Owl City;2012;
West Coast Friendship;Owl City;2008;
When I Find Love Again;James Blunt;2013;
Waiting For Tonight;Jennifer Lopez;1999;
Walking On Sunshine;Jennifer Lopez;2001;
World In Our Hands;Taio Cruz;2011;
Wouldn´t Change A Thing;Demi Lovato;2010;
Without Love;Hairspray;2007;
Where Do Broken Hearts Go;Whitney Houston;1987;
Walking On Sunshine;Katrina And The Waves;1985;
Wacht Maar Tot Ik Koning Ben;De Leeuwenkoning;2009;
Wo noch niemand war;Disney's Eiskönigin 2;2019;
Wie Kan Mij Vertellen;Andre Hazes Jr.;2017;
Wide Boy;Nik Kershaw;1984;
Wouldn´t It Be Good;Nik Kershaw;1984;
We will stop you;ZSK;2006;
Wake Up;Madison Reyes;2020;
Wake Up;Madison Reyes;2020;
Youngblood;5 Seconds of Summer;2018;
You And Me (In My Pocket);Milow;2011;
You Don't Know;Milow;2006;
Your Biggest Fan;Jonas Brothers;2010;
Ya Ya Yippee;K3;2006;
You Are the One;A-Ha;1988;
You Make Me;Avicii;2013;
Yellow;Coldplay;2000;
Yes;Coldplay;2008;
Young Girls;Bruno Mars;2012;
Your Love Is My Drug;Ke$ha;2010;
You Can´t Hurry Love;Still Collins;2016;
You're my Heart You're my Soul;Modern Talking;1984;
You're my heart you're my soul 98;Modern Talking;1998;
You're my heart you're my soul 2017;Modern Talking;2017;
You Can Win If You Want 98;Modern Talking;1998;
You are not alone;Modern Talking;1999;
You To Me Are Everything;The Real Thing;1976;
You Are The Only One;Sergey Lazarev;2016;
You Cant Always Get What You Want;The Rolling Stones;1978;
You Were There;Ico;2002;
Year of Summer;Wildstylez & Niels Geusebroek;2012;
Your Man;Josh Turner;2005;
You're a woman;Bad Boys Blue;1985;
You Can't Hurry Love;The Concretes;2003;
You Said No;Busted;2002;
You Need to Calm Down;Taylor Swift;2019;
You Belong With Me;Taylor Swift;2008;
You Used To Hold Me;Calvin Harris;2009;
You Can’t Stop the Beat;Hairspray;2007;
You;Pierre Charby;1973;
You should be dancing;Bee Gees;1976;
You win again;Bee Gees;1987;
You Can´t Hurry Love;Phil Collins;1982;
You´ll Be In My Heart;Phil Collins;1999;
You Can't Touch This;MC Hammer;1990;
You're Beautiful;James Blunt;2004;
You Are the Music in Me;High School Musical 2;2007;
Y.M.C.A.;Village People;1978;
Zeil je voor het eerst;Bart Kaëll;1991;
Zelden Of Nooit;Bart Peeters;2010;
Zij Gelooft In Mij;André Hazes;2012;
Zoutelande;Bløf;2017;
Zoutelande [DUET];Bløf;2017;
Zij weet het;Tino Martin;2018;
Zero;Imagine Dragons;2018;
Zingarella;Enrico Macias;1988;
Zombie;Ran-D;2017;
Zuhause;Max Giesinger;2018;
Zero Gravity;Kate Miller-Heidke;2019;
Zo Jong;De Kreuners;1990;
Zo ver weg;Guus Meeuwis;1996;
Zitti E Buoni;Måneskin;2021;
